#{"t_start": 1626701874.7121222, "env_id": "jtr-modelless-v0"}
r,l,t
-29.658003,25,0.175812
-144.415782,21,0.290016
-287.047321,8,0.332301
-97.110999,22,0.449084
-5.36026,31,0.619429
-175.386085,16,0.704137
-190.427747,15,0.785427
-265.366492,9,0.835072
116.507078,44,1.069517
43.658048,33,1.243952
-179.198934,20,1.349789
-203.719603,13,1.418713
-225.255749,11,1.480521
2.154961,30,1.637755
-183.605836,14,1.712554
-29.736235,26,1.851571
-175.732054,18,1.949682
-53.597404,24,2.078077
-277.805732,9,2.125325
-116.394919,17,2.214064
-134.715236,19,2.318228
-191.4012,15,2.399371
-154.420934,16,2.483022
-205.137892,13,2.551339
-181.199876,15,2.633065
-198.534135,14,2.70708
-239.025984,13,2.776679
-101.625605,21,2.888275
-189.520338,14,2.966788
-267.49004,9,3.014148
-200.296364,15,3.092743
-71.015224,27,3.233584
-103.763382,19,3.337899
-241.393066,11,3.396364
-235.031652,12,3.460569
-83.273504,22,3.578564
-88.569957,22,3.697654
-189.242049,20,3.802514
25.119679,32,3.974118
-69.657154,24,4.100145
-275.225552,10,4.156477
-156.33882,17,4.246712
-224.806358,13,4.315609
-216.649892,13,4.383913
-77.167684,25,4.51939
-254.410556,10,4.572668
37.719501,34,4.753438
-42.379008,26,4.891919
-256.26704,10,4.947229
-273.394566,9,4.996159
-104.144269,24,5.124491
-67.294595,27,5.266431
87.952526,37,5.465324
-251.122404,12,5.52946
-255.894421,11,5.588203
-218.923928,10,5.640269
-160.921544,18,5.737928
-207.113722,14,5.814278
-220.860364,12,5.878406
-179.344164,21,5.992181
-196.362707,17,6.083926
-277.913156,9,6.130824
-72.29993,25,6.261223
-212.451511,14,6.336049
218.431481,46,6.582045
-135.286269,19,6.686928
68.515681,30,6.850848
-87.506211,24,6.97823
-201.535822,14,7.054549
62.958466,36,7.246798
-65.51647,23,7.368517
-170.969563,16,7.453083
-105.839407,30,7.614735
-243.309483,14,7.689168
-236.122169,13,7.758727
52.827046,31,7.922878
-240.414393,11,7.986059
-250.95263,11,8.043912
-60.872497,24,8.17045
-111.375728,20,8.275218
-195.900508,16,8.363878
-177.124795,17,8.453355
27.75035,32,8.622924
-198.43509,12,8.686477
-161.543974,17,8.779794
-278.082043,8,8.824074
-114.67608,27,8.969265
-216.707209,13,9.03952
-72.185185,23,9.16354
-55.084862,29,9.31746
-52.637842,24,9.444109
-36.306764,24,9.572311
-232.796792,12,9.640038
-148.504635,18,9.735281
-111.888922,19,9.836151
-279.23654,9,9.884942
-255.895719,9,9.936805
-165.317138,19,10.037755
-266.008665,9,10.085428
-152.685315,18,10.181949
-148.581534,21,10.295166
-186.35911,15,10.374279
-5.809178,29,10.527009
-205.7974,18,10.623141
-191.778382,14,10.700742
-285.84036,9,10.749186
-79.991968,25,10.881215
-250.644036,10,10.93515
-62.213795,27,11.082011
-253.196495,10,11.135253
-183.826694,15,11.21404
-271.958224,8,11.255702
-263.243776,10,11.31201
-255.480994,10,11.36471
-166.412445,17,11.454301
-69.836936,23,11.574864
-220.817787,14,11.654282
-7.49273,30,11.813781
-270.669257,9,11.861866
-119.126505,18,11.955391
-119.442093,18,12.053513
-108.439695,18,12.147762
-243.531197,12,12.212915
-275.688952,8,12.254911
-186.003598,14,12.332384
124.478555,41,12.545738
-227.883926,12,12.610781
-193.049028,14,12.684624
-95.15005,25,12.822459
-214.168379,15,12.902402
-281.260022,9,12.950594
-219.72563,12,13.013875
-282.380455,9,13.064715
-144.496611,18,13.160395
14.05827,34,13.337482
-305.660861,9,13.384442
-78.380809,28,13.537497
2.739018,27,13.680055
-175.21483,14,13.75393
-210.828326,14,13.829682
-197.890202,12,13.896519
-250.019034,11,13.955631
-244.612452,15,14.036489
-198.96618,14,14.11109
-135.42167,22,14.231445
-280.781355,9,14.278767
-205.186994,15,14.358211
-95.071615,22,14.475236
-182.027984,15,14.558115
-273.760653,8,14.600364
-126.859992,20,14.70634
-221.655062,12,14.771005
-36.251274,24,14.902636
-249.779785,11,14.96113
-212.474458,15,15.040365
-247.508377,11,15.097673
-273.108664,10,15.1538
-85.454265,20,15.258553
87.563526,37,15.455189
-210.442712,14,15.528964
296.193376,50,15.794297
-210.862668,14,15.870976
-128.735412,21,15.982782
-119.708724,20,16.086574
-243.883713,11,16.148491
71.895912,35,16.333845
-158.673808,16,16.416809
-111.324982,23,16.541355
-279.050759,9,16.591962
-203.411527,17,16.682969
-87.56574,22,16.807811
106.833411,37,17.012159
-83.123648,22,17.132067
-143.248921,19,17.231275
95.090711,36,17.41999
-81.44214,25,17.5525
76.864184,37,17.752089
-234.618832,12,17.81528
-169.12442,17,17.907014
-194.231547,14,17.980812
-271.810874,11,18.041693
-272.747323,9,18.089908
-235.72241,13,18.157813
-256.838645,10,18.21017
-236.958305,13,18.283363
135.88696,39,18.488037
-208.490845,14,18.56212
-227.418596,15,18.639868
-274.269676,10,18.697225
-237.992065,11,18.755885
-195.492967,14,18.829906
-283.324342,9,18.879072
-191.47479,17,18.974313
-143.640736,19,19.073197
-238.469379,11,19.130556
-200.439778,15,19.208911
46.286015,34,19.392558
-247.740955,12,19.455593
81.163618,33,19.629136
-285.417063,8,19.672184
-99.286935,19,19.775884
-187.26531,16,19.860373
31.736752,30,20.017248
898.333333,61,20.337634
-272.068242,8,20.383135
-276.332177,8,20.42498
-207.120146,13,20.495065
14.010324,33,20.669013
-248.064796,9,20.71974
-270.159511,9,20.767937
-20.12464,30,20.927587
-172.133364,14,21.002288
-216.35737,13,21.074904
10.7195,27,21.216588
-111.043702,20,21.321861
-201.135327,15,21.400871
-102.093235,21,21.514596
-265.734307,10,21.569936
-108.327066,21,21.682471
-257.005639,9,21.731002
-47.923642,27,21.876557
4.038023,30,22.034211
-207.643754,16,22.118466
-153.478067,17,22.208449
-116.853795,20,22.319258
-44.346284,27,22.46018
-253.00939,10,22.513043
-218.047978,13,22.582903
-87.121463,21,22.696603
-262.559972,10,22.749413
-193.072097,15,22.82788
-195.995467,21,22.941361
-224.739893,13,23.014075
-255.503738,11,23.074912
-74.375986,23,23.194785
-264.814413,9,23.241343
-171.482619,16,23.330519
-189.669333,14,23.404967
-179.035905,14,23.479288
-253.483973,10,23.531909
-4.518464,28,23.682947
-273.83953,9,23.72963
-179.562101,16,23.814225
-172.830671,16,23.900221
-262.757172,10,23.956913
-187.56815,15,24.037
-159.464797,17,24.12869
-229.533682,13,24.198241
-283.035632,9,24.248947
-201.657184,12,24.31313
-198.627108,14,24.388223
-247.281131,11,24.445657
-116.275539,20,24.55658
93.374979,39,24.763201
-99.758137,23,24.88647
-207.089442,13,24.954413
-264.429717,9,25.005404
-189.224328,14,25.080013
-184.552745,16,25.162839
-101.994138,22,25.281072
-87.58976,29,25.43751
-113.262314,24,25.567667
-274.272232,10,25.621045
-259.066876,10,25.675123
-160.98477,16,25.763513
-99.470959,22,25.880119
-261.022896,8,25.923419
-124.302114,20,26.031043
-253.257453,10,26.088093
125.834242,41,26.303101
-112.604919,24,26.430477
-177.901737,16,26.516152
-126.92199,19,26.620878
-228.556292,14,26.695263
-179.183336,16,26.780461
-265.408979,17,26.869616
-235.412455,11,26.931772
-253.526533,10,26.985855
-211.472774,14,27.058268
-265.243822,10,27.112785
-160.610894,16,27.20209
-266.274503,10,27.254121
-14.436741,27,27.396657
-238.284782,11,27.454574
75.866012,40,27.666103
-216.287778,13,27.736573
-272.014162,9,27.785483
-189.848599,14,27.859452
-122.418981,20,27.969693
-286.330038,8,28.012609
19.085609,29,28.16276
-261.500053,10,28.217794
-206.775572,16,28.306836
-95.728881,24,28.431797
-201.269936,13,28.499938
-251.950896,10,28.551952
-238.189714,12,28.618835
356.80137,57,28.923345
53.126078,33,29.097829
-148.692238,16,29.181901
-282.684791,9,29.234358
-238.145821,13,29.303304
6.64513,30,29.459279
137.584798,40,29.670198
-252.699927,11,29.731376
-178.664496,16,29.815596
-249.967479,11,29.873236
-181.781335,15,29.953466
-81.306644,20,30.061544
-227.393782,13,30.130255
-102.04553,22,30.247626
-246.126202,11,30.306214
-187.502138,15,30.387539
132.323452,42,30.60905
-81.618147,26,30.745466
-142.512562,19,30.847188
60.889072,30,31.011152
-216.597522,13,31.079223
-284.448708,9,31.126761
-235.678815,11,31.183589
-250.467078,10,31.240884
-96.155229,25,31.372601
-219.262233,18,31.469051
-130.472405,19,31.571046
-197.316033,14,31.648987
-281.643747,9,31.696644
-213.139392,13,31.765388
-241.381886,11,31.824527
-78.339335,24,31.955578
-192.694743,14,32.028599
-250.791209,12,32.093754
-262.211233,14,32.167941
-194.97061,14,32.246695
-195.976142,15,32.3257
-25.124914,26,32.468977
-196.550944,15,32.548184
-243.827931,11,32.609748
-251.810353,11,32.668032
-135.485713,23,32.790938
-255.956956,13,32.86321
-235.08185,15,32.949832
-40.313894,27,33.090044
-223.935684,13,33.158452
-77.294523,21,33.270208
-195.781252,14,33.346877
-228.737192,14,33.419782
-132.36246,19,33.519111
-62.150685,29,33.6738
-193.416649,14,33.750967
-245.070282,11,33.808642
-125.378619,18,33.905038
-175.718174,15,33.989239
-249.927999,11,34.051223
-214.216099,12,34.114357
-279.64113,9,34.162633
-247.817828,11,34.22025
-245.109533,11,34.282279
-227.858528,11,34.342001
-203.879804,14,34.415295
-262.89964,9,34.464085
242.62439,44,34.698552
-9.63454,29,34.850585
48.210131,33,35.026827
-150.988554,19,35.129819
-48.235997,28,35.281816
-52.172606,27,35.423971
-195.22526,15,35.504452
360.022518,59,35.817513
-152.71959,18,35.915652
-264.890312,12,35.98102
31.469067,31,36.14418
-174.005144,16,36.227795
-212.95013,13,36.300161
-82.523632,24,36.426199
-208.981952,13,36.495486
-211.370723,12,36.558734
5.777153,30,36.723301
-103.753603,24,36.850718
-198.989784,22,36.969389
-42.003864,27,37.109263
-56.215054,24,37.23783
-116.554153,23,37.358738
265.788835,46,37.601945
-206.823187,18,37.696391
-213.239852,13,37.772031
-110.207335,22,37.886841
-212.624127,12,37.949857
-45.829536,26,38.089899
-197.544097,13,38.163771
-267.935684,10,38.216025
-210.673693,14,38.289896
2.516767,36,38.478019
-166.363202,17,38.570897
-180.329275,16,38.655517
-72.685807,24,38.783362
-199.974988,16,38.869435
-141.237111,20,38.981445
-222.596396,12,39.044042
-66.594715,25,39.175026
-256.81762,12,39.237037
-11.318868,25,39.372327
-152.133825,19,39.473759
-153.139732,19,39.574768
-241.106509,11,39.632017
-105.975266,21,39.74546
-121.906374,23,39.868834
-209.957172,16,39.955467
-193.447256,15,40.035201
-256.388525,10,40.091499
96.309567,38,40.290578
-261.962891,10,40.34451
-98.602101,26,40.480912
-214.254268,14,40.557765
-150.179598,18,40.651344
6.09134,27,40.797148
-262.037254,11,40.85449
-173.268046,14,40.932754
-201.520673,12,40.997768
-82.504325,21,41.108991
-271.726528,11,41.168608
-161.649539,17,41.261121
-114.230325,21,41.370733
-248.533287,10,41.422739
-248.662954,11,41.48205
-285.138804,8,41.527408
-180.048079,15,41.608472
-53.108106,22,41.723491
-152.628013,18,41.821267
-246.628858,10,41.877751
-174.148651,16,41.963224
20.257363,30,42.122794
-279.658493,8,42.166651
-223.618505,16,42.25404
-213.667648,14,42.327574
-206.435475,13,42.39611
-277.257243,10,42.448211
-49.171727,24,42.579126
-235.851464,12,42.642082
-165.420883,16,42.727193
-254.88466,11,42.785759
-218.157326,13,42.858121
-267.32919,9,42.905801
111.146891,38,43.108835
-86.077573,22,43.225878
-241.688063,12,43.293075
-168.035763,19,43.393951
128.541387,40,43.604596
-98.08199,23,43.726681
-188.477834,16,43.81487
-231.068295,13,43.884637
59.876758,32,44.056111
13.56032,32,44.224839
-218.344314,15,44.307243
-210.471545,13,44.374775
-217.481893,12,44.437411
-108.548953,21,44.547904
-228.710326,14,44.625781
-132.451336,25,44.75598
-153.713568,19,44.854979
102.722671,37,45.049983
-318.764673,23,45.172892
389.740306,56,45.464321
-192.077626,18,45.558827
-149.7281,21,45.670694
-272.726564,9,45.721181
-285.710127,9,45.768462
-39.005868,28,45.91481
188.186771,44,46.145538
-28.36166,28,46.297575
-228.571368,16,46.38075
-89.30328,23,46.502631
-46.412797,25,46.634705
-144.133416,20,46.742348
-63.35881,22,46.857086
-157.069246,19,46.958623
-276.777286,9,47.012194
-227.562662,12,47.079116
-256.238694,9,47.127578
5.819484,27,47.267489
-159.570582,16,47.351709
-234.313095,11,47.414737
-153.226189,17,47.505386
-180.148115,15,47.584162
-184.677703,16,47.669114
-271.172565,9,47.720258
-230.716231,13,47.789568
-229.129134,11,47.848262
-252.215257,10,47.900575
88.884156,36,48.095829
-146.5933,18,48.190831
-231.28436,13,48.260131
-193.656957,15,48.339328
-272.561189,11,48.400202
-207.762564,14,48.474238
-186.751965,17,48.563715
-210.373937,16,48.649748
-240.041515,16,48.738362
-247.092883,10,48.791356
-187.023371,16,48.876205
-108.293225,23,48.997957
-184.660045,16,49.086837
-157.633527,19,49.186343
-286.909675,9,49.234302
-172.527918,16,49.319349
-105.43747,21,49.434509
-213.728668,13,49.502197
-19.293737,27,49.644916
-280.740733,10,49.697311
-211.72194,12,49.765479
-89.604724,22,49.882385
167.225958,37,50.083663
-281.924204,8,50.126228
-265.487618,11,50.186963
-225.402984,13,50.256777
-202.092469,14,50.329966
-245.593984,11,50.387105
-193.60738,15,50.469903
-148.321957,24,50.596312
-219.058917,13,50.665253
-183.545947,17,50.754527
-248.488253,16,50.860201
79.315857,35,51.053195
-205.049277,15,51.134926
-175.837983,14,51.207627
-240.336877,11,51.269411
-217.681584,18,51.36369
-145.206695,17,51.453691
-229.418206,14,51.527315
-223.734563,12,51.594881
-286.949977,9,51.643221
-68.347416,24,51.77126
-98.801839,23,51.892363
-167.590295,19,51.995634
-182.440747,14,52.069611
-208.053958,14,52.143043
-213.764661,13,52.210222
-185.896579,15,52.293505
-162.864886,18,52.387969
-187.941448,14,52.463062
12.237268,32,52.632128
-148.174576,18,52.729462
-67.643826,24,52.859053
-261.518932,10,52.913353
-268.629567,9,52.962121
-235.695854,12,53.028108
-173.501476,15,53.111939
-175.685533,16,53.196616
-112.5719,22,53.313727
-258.867896,12,53.381841
-245.063934,11,53.440675
-248.132524,12,53.503679
123.100945,36,54.491328
-40.75777,23,55.674642
-239.595489,11,55.743152
-244.994398,11,55.814318
-238.197861,10,55.879276
-249.706433,11,55.95106
-244.821591,10,56.015666
-246.808998,10,57.095103
-321.438539,15,57.191863
-277.102617,10,57.258269
-277.336008,10,57.322756
-276.086139,9,57.382305
-278.934913,10,57.443973
-281.543662,10,58.52168
101.803766,31,58.71994
-17.491579,22,58.859412
395.327709,61,60.249142
476.011085,75,61.718276
422.287104,72,64.183832
507.050851,75,65.659068
888.333333,67,67.093551
515.602924,75,68.585285
494.815399,72,70.047017
896.666667,62,71.478286
903.333333,58,72.886114
508.25921,75,74.430941
480.322559,75,75.956231
370.647836,55,77.327939
415.090304,64,78.755135
426.847264,70,80.238095
431.810776,63,81.700145
523.817094,75,83.2223
457.370894,75,85.759058
478.493384,75,87.301681
504.034755,75,88.836525
478.19675,75,90.378237
407.195873,59,91.827065
517.374444,75,93.336479
359.608739,49,94.68038
898.333333,61,96.104027
446.235595,75,97.613129
524.443724,75,99.176029
421.415337,58,100.673981
182.675003,36,102.005337
901.666667,59,103.464387
512.353397,75,105.026346
459.943569,70,106.55228
477.261982,75,108.123763
322.244845,48,109.511033
227.343297,41,109.767285
146.590532,38,111.113695
439.499962,75,112.762536
291.393608,46,114.148871
468.934609,75,115.715451
460.431951,75,117.290364
474.109388,75,118.901558
233.354611,44,120.28676
498.511426,75,121.920213
438.36816,75,124.615622
472.239958,75,127.145638
522.429573,75,129.673878
217.557396,42,131.032167
210.586103,42,131.316714
901.666667,59,132.811688
898.333333,61,134.281059
518.975806,75,135.840504
430.090006,74,137.393187
491.814582,75,140.108054
222.983962,42,140.871803
505.757258,75,143.387285
898.333333,61,145.768965
903.333333,58,147.394012
896.666667,62,148.867086
455.682921,72,150.415543
900.0,60,151.885534
400.98921,54,153.316374
515.029004,75,154.892025
480.474075,75,156.545152
394.80388,57,158.024572
381.105044,55,159.534117
393.88779,54,161.004311
277.058496,43,162.549217
-13.054735,28,163.06268
437.998203,75,165.693591
517.745956,75,168.582517
459.287183,75,170.175087
204.706604,39,170.42548
534.256276,75,172.019609
901.666667,59,173.515656
275.159002,42,174.900317
341.890942,62,176.372377
340.898995,47,177.734663
427.035263,51,179.117852
509.943841,75,180.691304
481.682219,75,182.222657
442.955665,62,183.701689
-45.798639,21,183.846835
529.541085,75,185.454387
901.666667,59,186.950994
384.934119,56,188.420392
895.0,63,189.911811
469.153529,75,191.480605
901.666667,59,192.931492
362.213763,52,194.316514
487.562375,75,195.845829
149.419496,37,197.13934
18.852238,25,197.307844
480.879034,75,198.848464
487.744869,75,201.54499
518.138013,75,203.148455
538.492794,75,204.748258
264.065866,41,206.107587
490.971163,62,206.496148
509.78174,75,209.091387
344.664293,60,210.517333
530.414146,75,212.043932
311.054075,47,212.337728
509.417409,75,214.999161
901.666667,59,216.462899
319.259718,45,216.742432
489.078132,69,218.231285
362.418479,47,219.609818
481.752988,75,221.209815
365.652899,49,222.618495
261.903032,42,223.938933
422.530208,75,225.542272
461.616924,75,227.124191
459.930091,75,228.671543
475.287052,75,230.237783
462.29047,75,232.919986
454.171006,75,234.514802
517.697405,75,236.106054
527.183085,75,237.701655
900.0,60,239.127574
353.048493,51,240.508092
-13.522594,25,240.66319
466.224126,75,242.178786
509.786879,75,244.755435
410.691489,75,246.327829
521.651464,75,247.884184
900.0,60,249.344037
312.21835,44,250.679628
437.317437,60,251.052844
493.080952,75,253.645603
896.666667,62,255.088156
203.013086,37,255.321074
895.0,63,256.787638
449.463669,59,258.213457
505.300284,75,259.746578
179.293018,40,261.058682
376.67464,74,262.572861
284.639896,45,263.911345
49.87891,28,264.085926
-28.788671,22,265.283484
493.922174,75,266.827633
430.386532,61,268.333286
901.666667,59,269.816017
-13.163825,24,269.987
-35.415677,22,270.133587
-44.080863,21,271.429213
62.109657,29,271.616838
-58.868653,20,271.745092
6.432374,23,273.029807
275.912343,42,273.309057
388.906238,53,274.752901
447.711831,62,276.227354
419.879928,59,277.659488
421.066644,57,279.07272
348.151586,51,280.471983
495.561289,75,282.071909
905.0,57,283.54461
476.120875,75,285.134122
896.666667,62,286.593843
325.62915,53,287.981345
370.370253,51,289.356994
441.11772,75,290.910007
327.985681,46,292.252146
484.059283,75,296.079599
538.897208,75,297.621353
526.047556,75,299.136992
115.57504,35,300.408083
291.718734,46,300.723259
895.0,63,302.236484
519.757401,75,303.786611
518.529614,75,306.390012
527.22063,75,307.918085
233.365389,39,308.159904
900.0,60,309.592687
537.025844,75,312.186166
407.120464,62,312.603687
268.104914,50,314.019538
901.666667,59,315.472788
900.0,60,316.912346
528.09894,75,318.507728
452.525841,75,320.074514
423.58827,67,322.60887
466.33686,70,324.133877
429.424657,58,325.619699
207.549253,42,325.880829
129.066297,34,327.163681
-85.000704,21,327.295047
-0.462441,23,327.440577
486.075196,75,330.018612
279.091089,49,330.325871
371.720675,56,331.730908
155.829097,38,333.025797
185.173422,38,333.262945
900.0,60,334.812516
420.336753,72,336.54601
363.808318,55,338.293945
494.561112,75,339.949912
381.790025,68,342.84896
511.696449,75,344.439703
466.034328,75,346.171988
895.0,63,348.093716
140.629745,34,348.363857
900.0,60,349.958496
898.333333,61,351.497826
407.104616,64,353.11522
444.68179,60,354.633383
424.720132,62,356.232572
900.0,60,357.78854
282.71418,46,359.283783
495.994912,75,360.992721
473.050849,75,362.726146
356.296392,54,364.298112
494.11584,75,365.985945
901.666667,59,367.451931
512.409889,75,369.010519
900.0,60,370.482629
434.174873,75,372.060895
323.566676,51,373.549035
422.519233,60,375.179724
496.72642,75,376.857511
536.757161,75,378.594307
433.787746,67,381.192594
472.134281,75,382.733607
427.818457,75,384.294534
328.493547,46,385.647007
263.54075,39,385.89323
901.666667,59,387.355706
891.666667,65,388.839287
500.612251,75,390.373442
439.975999,75,391.907831
900.0,60,393.398035
524.955087,75,396.026274
482.07161,75,397.5541
898.333333,61,399.001222
211.67993,40,399.25123
519.094655,75,401.83823
464.363772,75,403.382144
516.217075,75,404.913334
493.312494,75,406.439912
540.078945,75,407.973129
411.989263,61,409.415561
433.483538,61,410.867682
372.810362,60,412.340997
475.55352,75,413.883156
423.868891,73,415.400003
453.560271,75,418.048636
77.403981,30,418.250198
466.37115,75,419.822121
188.622533,36,421.129768
895.0,63,422.603372
901.666667,59,424.077045
488.009551,75,425.613793
175.696637,40,425.873733
379.544392,61,427.342367
412.530171,57,428.753816
522.121945,75,430.323714
386.039254,61,431.788406
137.151645,35,433.140006
523.174594,75,434.716681
490.512176,75,436.252976
385.723912,52,437.672986
455.543697,75,439.240689
483.542,75,440.803007
402.401666,57,442.278979
476.862867,75,444.917936
883.333333,70,446.482497
901.666667,59,447.957033
481.23691,75,449.492202
473.845345,70,450.99032
466.07577,75,452.524472
506.255499,75,454.05876
475.914582,75,455.622975
441.762803,65,457.092575
507.499943,75,459.689728
104.742379,33,459.896303
345.014259,49,461.268659
139.011369,35,461.490809
486.007698,75,464.138072
446.093013,61,464.521065
414.674815,56,465.937037
437.170732,68,467.436419
517.591195,75,470.064789
471.531483,75,471.758469
330.530837,44,472.048425
898.333333,61,473.720681
514.384511,75,476.541397
465.342549,75,478.07497
900.0,60,479.584538
495.63657,75,481.184065
533.255878,75,482.799039
336.945596,61,484.264222
450.009785,75,485.799693
402.991561,58,487.249801
540.64299,75,488.854566
439.531404,66,490.39736
531.162627,75,491.97579
411.291163,57,493.393588
432.981074,65,494.876187
539.162477,75,496.453564
497.378413,75,499.228453
898.333333,61,500.756004
321.703073,50,501.068634
900.0,60,502.50836
525.383891,75,505.108834
462.183471,75,506.650073
307.985276,49,506.956712
906.666667,56,508.393802
372.747763,51,509.767687
527.719049,75,511.292843
896.666667,62,512.736244
492.330982,75,514.266411
452.61249,75,516.863266
505.263714,75,518.443891
290.552733,46,518.757117
198.57684,35,520.046999
900.0,60,521.481606
471.675136,75,523.008538
506.599756,75,524.582103
522.397694,75,526.101555
123.693123,32,527.387609
72.943376,30,527.59059
523.187914,75,530.213115
213.251498,39,530.457674
213.517536,36,533.432912
251.091097,40,533.681409
409.147435,75,536.254348
530.161885,75,537.775765
423.247074,66,539.249811
105.061515,34,539.463524
371.276103,55,540.864449
447.983687,75,542.390055
-308.612276,32,543.652382
440.951855,75,545.194326
901.666667,59,546.6161
441.571981,68,548.104176
431.97774,75,549.64031
466.641177,75,551.166629
492.075248,75,553.75113
905.0,57,554.106899
313.184386,54,555.546867
282.65936,48,556.964542
201.357636,40,558.326004
446.862914,75,559.899908
525.171192,75,561.429783
430.291714,57,562.84295
419.791998,66,564.346839
326.547794,51,565.76401
371.172025,60,567.213297
468.599629,75,568.753385
308.331168,47,570.13738
453.758986,66,571.611175
464.832628,75,573.143096
419.207835,64,574.60237
429.853443,68,576.081136
266.373891,45,577.421205
480.08562,75,578.947934
458.427945,75,580.474337
416.448775,71,581.972951
340.488488,50,583.338019
480.87987,75,584.862076
180.636189,38,586.156586
513.251472,75,587.678969
454.811241,75,589.220299
478.854271,75,590.827851
508.83303,75,592.391139
369.395952,62,593.837662
155.063354,38,595.134786
252.63858,44,595.412626
444.231954,75,598.11232
476.958321,75,599.684525
519.343176,75,601.285924
484.978838,75,602.921706
494.631246,75,604.482425
415.146929,55,605.931605
905.0,57,607.379183
905.0,57,608.798766
520.314514,75,610.322799
537.661684,75,611.851934
488.360315,75,613.390889
895.0,63,614.84586
896.666667,62,616.338598
507.018378,75,618.92942
314.895606,48,619.225553
463.115022,74,621.795155
896.666667,62,622.181018
471.979082,75,624.763103
905.0,57,626.182798
898.333333,61,626.564083
898.333333,61,627.998077
901.666667,59,629.415837
442.737612,64,630.923772
375.230605,58,632.345891
240.206168,42,633.660138
400.331612,56,635.069392
373.150294,54,636.461616
266.802365,44,636.73765
409.563071,54,638.181212
431.401819,75,639.703769
498.819117,75,642.322166
528.851121,75,643.860616
493.947196,75,645.428164
12.05678,26,645.589062
327.675208,47,646.947016
430.735532,69,648.433185
416.857022,66,649.896569
372.009732,54,651.332794
336.815504,51,652.746403
428.19929,75,654.339094
523.904634,75,655.892019
903.333333,58,657.313879
428.150515,70,658.807058
483.955769,75,660.337108
900.0,60,661.769459
493.591921,75,663.3388
487.43109,75,665.942768
506.173584,75,667.477061
901.666667,59,668.9069
903.333333,58,670.320317
420.105584,59,670.687449
533.226284,75,673.279486
307.374339,54,673.619526
465.861624,75,676.205272
421.381434,75,677.757925
896.666667,62,679.257916
433.399788,75,680.814197
503.04789,75,682.338875
453.443818,75,683.865538
454.146151,75,685.403076
895.0,63,686.855776
488.429901,75,689.511151
196.768426,38,689.747298
441.213691,75,691.272505
452.207271,75,693.852373
479.653448,75,695.379923
461.09184,69,696.872286
415.938531,75,698.412777
499.60148,75,699.957572
901.666667,59,701.39173
540.266284,75,702.91904
491.138633,75,704.453001
536.791666,75,707.125237
401.032183,66,708.589288
154.235702,36,708.813441
424.538406,64,710.340139
292.533965,46,711.719198
898.333333,61,713.153892
494.221681,75,714.686773
473.370977,75,716.212633
449.529118,68,717.691174
404.334542,60,719.113669
898.333333,61,720.541762
530.496125,75,722.060148
427.267351,72,723.588739
900.0,60,725.040751
466.118538,75,727.630196
506.527304,75,729.178273
472.54498,75,730.831534
481.135669,75,732.387309
522.630679,75,733.910069
540.238541,75,735.443728
903.333333,58,736.872218
526.057283,75,739.484658
895.0,63,740.930596
13.881447,27,741.101839
496.597594,75,742.738086
898.333333,61,744.172009
445.500538,75,745.695721
454.924601,75,747.21667
901.666667,59,748.633219
481.784608,75,750.153464
456.084444,75,752.724346
489.486474,75,754.246852
509.260712,75,755.774318
457.008632,75,757.292475
529.929856,75,758.826221
521.705639,75,761.431511
423.801306,74,765.114155
888.333333,67,766.641697
491.007565,75,768.164191
493.732785,75,769.68699
509.40349,62,771.133213
491.192393,75,772.652842
895.0,63,774.110117
-314.46975,34,775.381489
487.144818,75,776.927389
509.972971,75,778.486278
123.946732,34,779.768376
505.679467,75,781.352327
481.655066,75,782.892279
515.93719,75,784.469368
900.0,60,785.939883
901.666667,59,787.406434
521.221824,75,788.961464
504.469944,75,790.483028
480.86916,75,792.052358
85.238793,35,793.334604
484.113021,75,794.913135
431.881037,75,796.43834
448.685345,75,799.016636
446.956612,75,800.536871
409.564967,60,802.010535
5.298233,25,802.166164
476.691474,75,803.729195
525.730494,75,805.324648
458.528874,75,808.03206
418.733362,70,809.5925
209.958501,40,809.842718
901.666667,59,811.301319
530.464531,75,812.84586
433.529986,75,815.519363
424.846131,75,817.11482
522.339468,75,818.708859
898.333333,61,820.208591
517.721222,75,821.798367
465.815107,69,823.347552
340.440097,52,824.775017
123.684625,34,824.987342
481.731676,75,827.553496
498.669308,75,829.076606
448.16158,75,830.657117
524.01216,75,832.212925
438.875073,75,833.729221
471.869804,75,835.247482
502.503019,75,837.829001
539.307778,75,839.345388
903.333333,58,840.770882
456.274453,75,842.290149
427.882229,74,843.926394
528.809154,75,845.44572
440.673022,75,846.974492
165.646431,39,848.275705
533.200108,75,849.79593
34.556413,36,851.079768
409.433813,56,852.489329
495.450046,75,854.018622
508.538874,75,855.609308
422.004735,67,857.089537
539.594894,75,858.613878
427.90895,62,860.048505
450.005672,63,861.499519
438.424305,61,862.929607
502.259509,75,864.456271
475.170737,65,865.936073
475.372565,75,867.490323
906.666667,56,868.890832
895.0,63,870.344696
436.020638,75,871.921006
340.829872,56,873.479756
430.14508,68,875.221131
467.56247,75,877.896492
895.0,63,879.401289
898.333333,61,880.859017
503.546555,75,882.393198
539.876253,75,883.930289
538.243337,75,885.512246
440.013083,74,887.089759
350.230809,50,888.467451
312.850193,48,889.828515
482.431195,75,891.365349
394.396569,68,892.852544
903.333333,58,894.280537
898.333333,61,895.731948
484.512012,75,897.351162
472.183463,75,898.883123
518.499082,75,900.417224
477.623918,75,903.087839
465.890495,75,904.613167
896.666667,62,906.073387
509.631205,75,907.61634
489.40455,75,909.150965
906.666667,56,910.574445
434.035483,74,912.279376
476.081934,75,914.033678
484.682346,75,915.595545
901.666667,59,917.255932
418.256244,74,918.983988
476.324149,75,921.849689
900.0,60,923.466264
408.65514,75,925.359037
517.532515,75,927.099133
441.177078,75,928.916223
398.054185,57,930.48665
452.539327,68,932.160146
451.181922,75,933.911979
901.666667,59,935.527381
503.154633,75,937.16965
469.594916,75,938.736715
476.185529,75,941.463336
47.600657,33,941.669383
483.421233,75,943.284585
479.007606,75,944.957455
896.666667,62,946.559187
438.107767,63,948.07462
508.368922,75,950.728465
513.162408,75,952.321104
901.666667,59,953.948848
469.908372,75,955.57378
523.677812,75,957.181763
438.79065,74,958.777843
467.207868,66,960.460686
219.600438,41,961.797984
521.981803,75,963.381698
314.574886,52,964.818831
903.333333,58,966.251058
426.050532,75,967.79365
903.333333,58,969.264265
891.666667,65,970.766016
497.19103,75,972.325366
520.311435,75,973.863337
495.499871,75,975.478536
903.333333,58,976.951832
524.02692,75,978.564682
535.189566,75,981.22151
901.666667,59,982.659111
469.441787,75,984.206999
526.853966,75,985.781442
523.732435,75,987.334086
535.34216,75,988.874159
482.611092,75,990.424964
500.365729,75,993.082926
498.070818,75,994.666385
903.333333,58,996.109906
537.190208,75,997.665233
510.326131,75,999.23658
542.243356,75,1002.979605
903.333333,58,1004.418291
898.333333,61,1005.874438
507.266853,75,1007.423842
433.479546,75,1008.970863
478.096321,75,1011.601279
525.447339,75,1013.162287
352.568393,47,1013.457817
527.733877,75,1016.097811
450.810961,75,1017.708642
473.407341,75,1019.267966
488.022563,75,1020.813858
534.168737,75,1022.353781
448.281308,75,1024.022768
47.730289,29,1025.328044
500.607449,75,1026.950873
903.333333,58,1028.41504
903.333333,58,1029.859099
906.666667,56,1031.305114
896.666667,62,1032.767773
494.031008,75,1034.32818
516.687941,75,1035.930348
511.624373,75,1037.499821
529.625248,75,1039.082067
519.308143,75,1041.721412
519.188687,75,1043.334302
896.666667,62,1044.838579
536.195858,75,1046.384492
368.358379,54,1047.810272
313.028757,46,1049.188061
896.666667,62,1049.604783
538.861027,75,1052.241654
493.075648,75,1053.78817
472.9947,75,1055.333153
506.423281,75,1056.875198
437.243403,75,1058.439607
452.83338,69,1059.997679
510.250106,75,1062.643504
536.955581,75,1064.207467
-38.630283,25,1064.381368
898.333333,61,1065.888089
490.504153,75,1067.431128
516.14737,75,1068.984624
463.902526,75,1071.635568
389.333618,57,1073.073012
492.896929,75,1074.665469
515.132628,75,1076.245378
403.481813,71,1077.822337
482.900429,75,1079.389491
494.372459,75,1080.989046
896.666667,62,1082.521674
903.333333,58,1083.990038
478.090851,75,1085.552407
898.333333,61,1087.022175
473.306977,75,1088.572402
467.266118,75,1091.232504
519.126133,75,1092.790146
900.0,60,1094.257832
54.092636,33,1094.4617
458.479428,75,1096.025977
886.666667,68,1098.650841
301.922791,44,1098.923556
464.119156,75,1100.483457
479.571531,75,1103.141414
905.0,57,1103.494642
478.120528,75,1106.149134
495.780222,75,1107.707059
512.015863,75,1109.271536
900.0,60,1110.78861
487.116267,75,1112.422002
-34.06676,26,1112.599987
501.27645,75,1115.359894
487.333681,75,1116.943651
485.208078,75,1118.598449
520.598024,75,1120.214553
532.26871,75,1121.840015
255.877685,48,1123.242155
494.09246,75,1124.872964
903.333333,58,1126.366394
900.0,60,1127.877582
900.0,60,1129.415993
423.66239,75,1131.09129
900.0,60,1132.558916
903.333333,58,1134.02032
901.666667,59,1135.478411
456.847624,72,1137.017803
465.18401,75,1138.576038
898.333333,61,1140.051753
469.683278,75,1141.661677
528.759248,75,1144.337874
530.436329,75,1145.915637
533.405018,75,1147.476088
535.607187,75,1149.056535
908.333333,55,1150.491664
520.529813,75,1152.055931
458.406365,75,1153.617731
476.82421,75,1155.18255
901.666667,59,1156.65093
464.436454,75,1159.345562
506.006662,75,1160.912581
503.226631,65,1162.411695
448.818315,75,1163.982168
425.332472,72,1165.525756
507.584774,75,1167.090545
528.888936,75,1168.656272
505.878201,75,1171.41434
236.325549,42,1171.692568
901.666667,59,1173.163556
518.746666,75,1174.747341
898.333333,61,1176.231184
195.806137,39,1177.577817
900.0,60,1179.059023
460.712436,75,1180.631925
493.206728,75,1182.204049
431.339986,67,1183.724969
445.378955,75,1185.29406
469.593939,75,1187.98339
515.854577,75,1189.565702
480.271948,75,1191.153632
903.333333,58,1192.672616
903.333333,58,1194.211672
525.364474,75,1195.817908
900.0,60,1197.298923
426.247755,75,1198.87739
536.321306,75,1200.451567
514.634838,75,1202.051107
515.782448,75,1203.70907
486.343202,75,1206.481203
523.926734,75,1208.056806
534.649548,75,1209.640599
452.116901,75,1211.21664
442.139483,75,1212.794258
906.666667,56,1214.254215
472.898859,75,1215.85617
397.227134,54,1217.313552
519.32892,75,1218.886935
497.421224,75,1221.645368
502.248189,75,1223.218995
467.828657,75,1224.796447
453.899703,75,1226.375638
506.643004,75,1227.950846
495.894985,75,1229.529072
472.821261,75,1232.228703
476.678909,75,1233.811467
110.750939,38,1234.047111
457.659141,75,1236.769483
513.899677,75,1238.395526
-121.338025,23,1240.458288
-79.602967,23,1240.603849
455.449098,75,1243.295059
903.333333,58,1244.78522
487.176717,75,1246.378098
497.46639,75,1248.115509
446.238667,63,1249.629024
186.593272,35,1249.846091
479.112876,75,1252.565891
-71.689809,24,1252.727186
484.405137,75,1254.335182
466.868075,75,1255.921715
493.902425,75,1257.504236
906.666667,56,1258.978883
903.333333,58,1260.461128
901.666667,59,1261.94814
438.287162,70,1263.537887
-137.733058,19,1264.785159
-72.554412,23,1264.926802
-119.274012,22,1265.064192
452.221064,74,1266.653476
903.333333,58,1268.131408
407.97104,58,1269.639502
478.773201,75,1271.234688
901.666667,59,1272.722434
459.108484,75,1274.37285
513.775332,75,1277.100391
427.602845,75,1278.756913
467.041834,75,1280.407318
503.496106,75,1282.048228
416.073197,52,1283.527895
503.877522,75,1285.147117
442.157654,75,1286.751642
903.333333,58,1288.326845
900.0,60,1289.817558
539.61216,75,1291.43503
896.666667,62,1292.954119
450.417426,75,1294.540595
905.0,57,1296.081493
486.018193,75,1298.871701
503.914839,75,1300.458069
898.333333,61,1301.967461
430.968477,75,1303.56556
517.700004,75,1305.157686
10.392265,31,1305.349744
903.333333,58,1306.841198
507.591507,75,1309.562046
528.704994,75,1311.168292
406.586134,48,1311.465047
487.66365,75,1314.193166
490.557863,75,1315.78782
901.666667,59,1317.283379
500.665087,75,1318.886085
511.004655,75,1320.519969
472.798752,75,1322.19761
238.704331,43,1323.60152
898.333333,61,1325.118972
528.207701,75,1326.718426
462.950152,75,1328.336442
538.896316,75,1329.94012
901.666667,59,1331.450613
531.547961,75,1334.196382
903.333333,58,1334.553058
499.57662,75,1337.296007
488.006223,75,1338.962982
326.169694,42,1339.252918
501.456681,75,1342.062407
896.666667,62,1343.648268
429.516269,75,1345.270679
422.042929,65,1346.846953
900.0,60,1348.36398
500.781625,75,1350.000277
298.183164,47,1351.461954
900.0,60,1353.009327
908.333333,55,1353.379128
421.580048,75,1356.149999
447.474179,73,1357.744667
481.104912,75,1359.364115
898.333333,61,1360.888871
896.666667,62,1362.425678
520.248063,75,1364.047348
480.795942,75,1365.656571
896.666667,62,1367.2519
475.861113,75,1368.940073
898.333333,61,1370.507649
-7.878095,30,1371.878837
542.399135,75,1373.573809
285.615572,50,1375.117592
514.098644,75,1376.806519
527.396129,75,1378.510755
528.465466,75,1380.174413
505.650253,75,1381.790698
505.619666,75,1384.553962
242.012525,48,1384.851946
470.869643,75,1386.466417
479.592618,75,1389.221698
486.7674,75,1390.834995
483.291303,75,1392.4475
509.352657,75,1394.061626
893.333333,64,1395.618577
250.50543,48,1397.063479
337.378187,52,1398.537465
-34.508331,24,1398.685205
72.811323,31,1400.039261
330.852425,49,1400.342704
376.573741,52,1401.863418
274.554578,43,1403.304538
423.029238,68,1404.909897
482.856547,75,1406.529652
905.0,57,1408.040709
-107.192011,22,1408.175607
437.437745,70,1409.763282
426.242352,51,1411.231429
504.091495,75,1412.847219
284.16538,46,1414.338135
430.235786,56,1415.911257
489.957427,75,1417.574193
492.549254,75,1419.210587
896.666667,62,1420.754999
905.0,57,1422.264119
425.845871,67,1423.850512
445.438764,72,1425.502145
501.659857,75,1427.131419
486.046975,75,1429.927595
480.112432,75,1431.593724
461.186391,75,1433.215925
496.682175,75,1434.851902
508.402946,75,1436.469241
901.666667,59,1438.001223
467.187767,75,1439.628396
481.959051,75,1442.418019
361.286809,53,1442.746664
420.046452,72,1445.580121
489.328344,75,1447.212528
511.946691,75,1448.842
903.333333,58,1450.367932
458.230381,75,1452.063579
506.3386,75,1453.716528
-310.34927,38,1455.122018
516.446172,75,1456.752252
905.0,57,1458.281
533.08694,75,1459.934014
900.0,60,1461.573769
514.340709,75,1463.592018
447.958519,72,1465.614046
533.427414,75,1467.298025
530.976204,75,1470.166039
391.718083,51,1470.480704
900.0,60,1472.044583
449.956546,75,1473.704741
901.666667,59,1475.250689
449.374704,74,1478.07205
531.884054,75,1479.755538
510.590809,75,1481.434204
469.780742,75,1483.093573
467.837339,75,1484.761965
518.207605,75,1488.376622
900.0,60,1489.947928
-308.98268,31,1491.349204
476.151685,75,1492.989688
900.0,60,1494.573123
460.322156,57,1496.106346
900.0,60,1497.67246
508.301071,75,1499.321257
466.823421,75,1500.977361
490.074921,75,1502.632668
910.0,54,1504.155104
509.373464,75,1505.84455
491.026669,75,1507.539856
898.333333,61,1509.112607
900.0,60,1510.669747
906.666667,56,1512.275846
529.029699,75,1513.929346
509.210238,75,1516.8122
494.020538,75,1518.501994
478.625797,75,1520.186519
4.650776,27,1520.354303
525.137408,75,1522.037126
535.113611,75,1524.886405
901.666667,59,1526.440076
901.666667,59,1528.008685
910.0,54,1528.340935
900.0,60,1529.905122
900.0,60,1531.470562
898.333333,61,1533.046254
533.914192,75,1534.705798
531.622304,75,1537.558344
903.333333,58,1537.922428
532.750821,75,1540.7734
901.666667,59,1542.338389
519.207097,75,1543.992694
903.333333,58,1545.567004
473.136555,75,1547.307013
895.0,63,1548.917756
464.362348,75,1550.578904
905.0,57,1552.150494
419.930072,52,1553.677254
213.360113,36,1553.899876
473.447505,75,1555.564229
463.763462,75,1558.450993
901.666667,59,1558.818251
412.797762,66,1560.440952
485.472428,75,1563.314998
527.023064,75,1565.020184
898.333333,61,1566.650243
498.25378,75,1568.363441
524.047809,75,1570.090723
475.501667,75,1571.765572
905.0,57,1573.324035
462.222545,75,1574.986073
537.980326,75,1577.856525
516.712549,75,1579.518729
905.0,57,1581.095059
465.599708,75,1582.829877
507.112978,75,1584.521276
520.26343,75,1586.183195
901.666667,59,1587.773726
310.271465,54,1589.34679
533.705936,75,1591.018964
461.83101,75,1592.688584
900.0,60,1594.27481
900.0,60,1595.88496
900.0,60,1597.488197
368.818421,71,1599.173275
363.966641,65,1600.856385
463.011802,75,1602.534586
532.619428,75,1605.432691
32.957575,29,1605.614743
533.212412,75,1607.313212
419.030414,75,1609.000314
519.995963,75,1610.674184
310.427227,45,1612.168721
471.917376,75,1613.854916
542.457509,75,1616.746028
903.333333,58,1617.136675
903.333333,58,1618.70766
457.843656,75,1621.657891
524.501419,75,1623.343017
-0.296482,29,1623.521705
438.326673,75,1625.199332
522.063444,75,1626.955615
467.311528,75,1629.968176
428.327076,75,1631.654815
298.634184,55,1633.226579
504.982764,75,1634.953481
479.615312,75,1636.64149
472.362875,75,1638.348018
506.395152,75,1640.028902
2.101589,32,1641.446787
898.333333,61,1643.052291
493.089146,75,1644.759463
421.893628,57,1646.377986
262.401481,42,1647.925864
527.358105,75,1649.67316
488.820994,75,1651.362957
453.303354,75,1653.061011
903.333333,58,1654.651295
462.784647,75,1656.345274
516.889939,75,1658.044735
528.557504,75,1659.739806
459.198111,75,1662.668468
901.666667,59,1664.265045
519.917833,75,1665.965
511.861295,75,1667.678316
504.354364,75,1669.456695
896.666667,62,1671.158456
903.333333,58,1672.831439
476.300591,75,1674.549966
-92.072476,26,1675.952603
501.073421,75,1677.653616
903.333333,58,1679.251673
466.078613,75,1680.948193
423.574965,60,1682.554308
906.666667,56,1684.150838
505.962095,75,1685.871075
457.912994,75,1687.624629
525.177565,75,1689.327289
532.434319,75,1691.027008
461.559557,75,1692.740916
244.41558,51,1694.289742
543.161555,75,1695.994016
898.333333,61,1697.610778
901.666667,59,1699.21592
506.006836,75,1700.922749
244.139107,38,1702.398796
404.932198,52,1703.964739
529.484769,75,1705.675444
512.207736,75,1707.390412
898.333333,61,1709.078887
476.974955,75,1710.850018
900.0,60,1712.529637
445.952319,75,1714.247512
901.666667,59,1715.861677
513.137008,75,1718.834236
379.461271,62,1720.46646
443.440643,67,1722.128118
494.694689,75,1723.850027
482.220624,75,1725.579393
297.60882,49,1727.138036
318.218834,48,1727.436141
900.0,60,1729.071782
126.407083,40,1730.595116
475.713429,75,1732.32302
315.8365,53,1733.907197
898.333333,61,1735.5387
502.390351,75,1737.265374
898.333333,61,1738.895271
471.416207,75,1740.611847
535.180921,75,1744.547143
520.026243,75,1747.528759
447.403821,75,1749.259881
529.395055,75,1750.989792
489.06307,75,1752.741729
473.670926,75,1754.535393
504.356087,75,1756.274335
511.154232,75,1759.371215
898.333333,61,1761.086056
499.783749,75,1762.893109
901.666667,59,1764.566658
467.667538,75,1766.318181
900.0,60,1768.027935
422.743926,73,1769.800863
423.009277,75,1771.602038
512.504432,75,1773.359292
474.389321,75,1775.118937
507.530054,75,1778.136272
380.399053,48,1778.432923
900.0,60,1780.118646
482.598808,75,1781.906054
437.885153,67,1784.931936
432.972697,75,1786.682011
900.0,60,1788.348315
541.536691,75,1790.09603
397.753713,72,1791.855175
463.666107,75,1793.584655
460.249875,75,1795.322904
534.768217,75,1797.065121
505.975675,75,1800.073872
448.92752,68,1801.783911
898.333333,61,1803.43386
476.597851,75,1805.177794
436.131901,75,1807.00283
903.333333,58,1808.656838
901.666667,59,1810.301832
905.0,57,1811.973225
489.576104,75,1813.727142
431.632779,69,1815.442235
890.0,66,1817.140557
457.594315,75,1818.925196
285.665141,46,1820.576636
535.51388,75,1822.368796
427.920701,54,1823.997769
439.592188,75,1825.755969
480.107653,72,1827.494559
901.666667,59,1829.239808
309.30077,50,1830.895551
182.755798,41,1832.440615
535.537957,75,1834.198597
509.639657,75,1835.981441
470.4391,75,1837.73957
525.170277,75,1839.509627
491.376627,75,1841.272503
490.980011,75,1844.377899
496.542789,75,1846.146237
901.666667,59,1847.833457
900.0,60,1849.503099
896.666667,62,1851.201905
901.666667,59,1851.567437
475.358728,75,1854.634628
896.666667,62,1856.321949
896.666667,62,1858.028734
493.815763,75,1859.881682
435.85595,66,1861.650318
489.390521,75,1863.424105
468.513664,75,1865.198351
477.049335,75,1867.041835
472.868231,75,1868.863178
417.492843,75,1871.975096
480.622703,75,1873.750432
896.666667,62,1875.453979
428.987977,75,1877.289874
493.374848,75,1879.12062
539.412229,75,1880.893051
536.691643,75,1882.668797
445.747412,75,1885.882303
900.0,60,1887.60944
530.192948,75,1889.396706
472.909612,75,1891.196443
464.162431,75,1892.985292
534.790857,75,1894.815279
466.64799,75,1896.678537
303.543766,48,1898.361793
900.0,60,1900.078887
901.666667,59,1901.762121
439.008056,75,1903.548897
261.175689,44,1905.143322
171.501203,34,1905.356532
901.666667,59,1907.047385
429.864524,75,1910.21393
474.893049,68,1911.979795
492.091609,75,1913.777357
905.0,57,1915.462312
900.0,60,1917.165252
516.427526,75,1918.962569
477.983894,71,1920.736362
514.86492,75,1922.56861
906.666667,56,1924.266159
903.333333,58,1925.965829
513.987737,75,1927.76964
535.987022,75,1929.629802
901.666667,59,1931.37418
516.202228,75,1933.333617
901.666667,59,1935.103188
534.891496,75,1936.949682
439.877062,75,1940.127253
334.054228,47,1940.417039
905.0,57,1942.165021
478.777524,75,1944.045909
439.083093,75,1945.884676
257.67541,45,1947.537518
519.997907,75,1949.452504
898.333333,61,1951.177838
538.116072,75,1953.014817
517.188408,75,1956.279956
481.462521,75,1958.12082
517.600144,75,1959.947349
535.562078,75,1961.760566
533.351986,75,1963.575574
460.876657,75,1966.748441
413.866748,75,1968.572112
905.0,57,1970.312122
901.666667,59,1972.040272
433.703124,75,1973.864711
525.071956,75,1975.684187
498.678742,75,1977.508156
468.51764,75,1979.335072
896.666667,62,1981.077142
537.070523,75,1982.951896
483.674663,75,1986.229683
418.21231,75,1988.109359
903.333333,58,1989.872612
542.469492,75,1991.795353
496.272793,75,1993.702806
529.492899,75,1995.544368
502.327315,75,1997.449855
452.657005,69,1999.291947
901.666667,59,2001.018533
311.885901,48,2002.684086
901.666667,59,2004.421142
422.187444,75,2006.253954
483.782233,75,2008.090823
522.978767,75,2009.920651
905.0,57,2011.638002
900.0,60,2013.381069
448.350987,75,2017.283032
489.407157,75,2020.487728
424.682343,69,2022.330046
407.338395,75,2024.198494
535.241039,75,2026.037716
900.0,60,2027.780944
254.011138,45,2029.474354
513.005646,75,2031.418413
901.666667,59,2033.156441
896.666667,62,2034.927504
900.0,60,2036.677269
901.666667,59,2038.412037
481.706598,75,2040.260096
526.856453,75,2042.201166
900.0,60,2044.000304
527.350573,75,2045.843801
905.0,57,2047.578663
466.714242,68,2049.383825
491.235173,75,2051.230359
448.744621,75,2053.157412
481.83293,75,2056.382616
898.333333,61,2056.75986
533.575477,75,2059.990235
898.333333,61,2061.743613
258.245387,43,2062.009887
469.637662,75,2063.85516
901.666667,59,2065.60099
455.516864,75,2068.825314
517.896443,75,2070.710459
477.182772,75,2072.55836
542.036259,75,2074.414543
898.333333,61,2076.189771
-90.429819,26,2076.362875
453.229775,75,2079.670126
483.393266,75,2081.599653
515.615546,75,2083.531332
519.898641,75,2085.401329
483.999594,75,2087.252926
495.385246,75,2089.100881
900.0,60,2090.861604
534.91035,75,2094.144144
509.015068,75,2095.993649
507.815557,75,2097.855635
495.962781,75,2099.701308
473.957792,75,2101.551318
457.277661,71,2103.376836
520.799455,75,2106.620885
903.333333,58,2106.996527
477.532683,75,2110.312267
500.554719,75,2112.24313
413.999843,75,2114.180091
527.034447,75,2116.084891
481.173254,75,2117.941102
471.196022,75,2119.787516
895.0,63,2121.565728
906.666667,56,2123.32936
290.999802,44,2125.096734
891.666667,65,2126.941966
313.857754,48,2128.655733
249.74341,42,2128.916929
898.333333,61,2130.796414
386.999685,56,2132.547621
485.358444,75,2134.473883
901.666667,59,2136.268033
898.333333,61,2138.070774
903.333333,58,2139.830863
896.666667,62,2141.610895
901.666667,59,2143.374917
534.371217,75,2145.229894
515.305018,75,2147.149184
906.666667,56,2148.962261
903.333333,58,2150.782487
498.036883,75,2152.682407
895.0,63,2154.469613
412.752607,61,2156.245025
497.174727,75,2159.511286
481.293254,75,2161.41758
460.214674,75,2163.30307
522.293847,75,2165.187897
148.409585,36,2166.815959
524.54194,75,2168.707552
901.666667,59,2170.469455
905.0,57,2172.220961
489.494534,75,2174.096432
484.49447,75,2175.955381
900.0,60,2177.721632
477.63468,75,2179.583472
895.0,63,2181.368652
476.788614,75,2183.236541
-314.878785,40,2184.88469
533.892582,75,2186.769894
495.799165,75,2188.631279
900.0,60,2190.400681
898.333333,61,2192.226298
461.034135,75,2194.174725
480.618272,75,2196.111781
532.208627,75,2199.430123
466.122439,75,2201.295217
898.333333,61,2203.098667
507.820695,75,2204.994766
496.867978,75,2206.944193
253.202957,42,2208.666157
900.0,60,2210.505943
903.333333,58,2212.308513
901.666667,59,2212.671636
487.276662,75,2215.939102
473.877768,75,2217.817338
373.370538,52,2219.544832
157.957302,37,2219.774565
485.532649,75,2221.644395
903.333333,58,2223.407212
338.196815,46,2225.128824
301.116859,32,2225.336843
497.162013,75,2228.610398
495.548804,75,2230.512201
516.600379,75,2232.402934
429.837695,75,2234.346786
441.848424,70,2236.245294
499.666602,75,2238.147749
901.666667,59,2239.967252
443.674008,75,2243.307964
-2.755627,27,2243.476405
522.123223,75,2245.346374
457.652337,75,2247.209073
430.57102,64,2249.019608
417.987365,66,2250.832617
523.690742,75,2254.154969
505.973741,75,2256.090039
294.791761,46,2256.374757
96.566057,32,2257.989724
126.411123,34,2258.202951
898.333333,61,2259.984245
441.205305,75,2263.274599
458.432622,68,2265.162127
466.740638,75,2267.110867
435.883877,75,2269.056221
312.208134,46,2270.782824
464.179507,75,2272.675237
523.547383,75,2274.636437
489.706057,62,2276.420527
903.333333,58,2278.266448
484.73866,75,2280.197689
524.527218,75,2282.131643
434.391357,70,2284.025243
438.441162,46,2285.712402
489.280313,75,2287.620975
906.666667,56,2289.438431
448.241608,72,2291.366034
466.167115,75,2293.297573
486.468409,75,2296.604885
903.333333,58,2296.970637
485.585958,75,2300.286292
